{"cameraMode":{"drawMode":0,"name":"Shaded","section":"Shading Mode"},"sceneLighting":false,"audioPlay":false,"sceneViewState":{"showFog":true,"showMaterialUpdate":false,"showSkybox":true,"showFlares":true,"showImageEffects":true,"showParticleSystems":true},"in2DMode":false,"pivot":{"x":348.60650634765627,"y":1.9720380306243897,"z":374.1044006347656},"rotation":{"x":0.13352595269680024,"y":-0.6901308298110962,"z":0.1322072297334671,"w":0.6989975571632385},"size":12.403648376464844,"orthographic":false}